<?xml version="1.0" encoding="UTF-8"?>
<beans xmlns="http://www.springframework.org/schema/beans"
	xmlns:xsi="http://www.w3.org/2001/XMLSchema-instance"
	xmlns:aop="http://www.springframework.org/schema/aop"
	xmlns:context="http://www.springframework.org/schema/context"
	xmlns:mvc="http://www.springframework.org/schema/mvc"
	xmlns:tx="http://www.springframework.org/schema/tx"
	xsi:schemaLocation="
        http://www.springframework.org/schema/beans http://www.springframework.org/schema/beans/spring-beans.xsd
        http://www.springframework.org/schema/aop http://www.springframework.org/schema/aop/spring-aop.xsd
        http://www.springframework.org/schema/context http://www.springframework.org/schema/context/spring-context.xsd
        http://www.springframework.org/schema/mvc http://www.springframework.org/schema/mvc/spring-mvc.xsd
        http://www.springframework.org/schema/tx http://www.springframework.org/schema/tx/spring-tx.xsd">
	<!-- 启用注解 -->
	<context:annotation-config></context:annotation-config>
	<!-- 配置扫描器 -->
	<context:component-scan base-package="com.phonemarket.mapper,com.phonemarket.service.impl"></context:component-scan>
	<!-- 配置数据源 -->
	<bean id="dataSource"
		class="com.alibaba.druid.pool.DruidDataSource">
		<property name="url" value="jdbc:mysql://localhost:3306/phonemarket2?useUnicode=true&amp;characterEncoding=utf8"></property>
		<property name="driverClassName" value="com.mysql.jdbc.Driver"></property>
		<property name="username" value="root"></property>
		<property name="password" value="1234"></property>
	</bean>
	
	<!-- 配置Mybatis工厂SqlSessionFactory -->
	<bean id="sessionFactory"
		class="org.mybatis.spring.SqlSessionFactoryBean">
		<property name="dataSource">
			<ref bean="dataSource" />
		</property>
		<!-- 指定Mybatis核心配置文件 -->
		<property name="configLocation" value="classpath:mybatis-config.xml"></property>
		<property name="plugins">
			<array>
				<bean id="pageHelper" class="com.github.pagehelper.PageHelper">
					<property name="properties">
						<value>
							dialect=mysql
							reasonable=true
						</value>
					</property>
				</bean>
			</array>
		</property> 
	</bean>
	<!-- 配置mapper扫描器 -->
	<bean id="mapperConfig" class="org.mybatis.spring.mapper.MapperScannerConfigurer"> 
		<property name="basePackage" value="com.phonemarket.mapper"></property>
	</bean>
	
	<!-- 事务管理器，依赖于数据源 -->
	<bean id="transactionManager" class="org.springframework.jdbc.datasource.DataSourceTransactionManager">
		<property name="dataSource" ref="dataSource"></property>
	</bean>
	
</beans>