<?xml version="1.0" encoding="UTF-8" ?>
<!DOCTYPE mapper
PUBLIC "-//mybatis.org//DTD Mapper 3.0//EN"
"http://mybatis.org/dtd/mybatis-3-mapper.dtd">
<mapper namespace="com.phonemarket.mapper.EvaimgMapper">
	<resultMap type="Evaimg" id="BaseResultMap">
		<id property="evaimgId" column="evaimg_id" />
		<result property="evaimgName" column="evaimg_name" />
		<result property="eva" column="eva" />
	</resultMap>
	<insert id="addEvaimg" parameterType="Evaimg">
		insert into evaimg(evaimg_name,eva)
		values(#{evaimgName},#{eva})
	</insert>
	<select id="findEvaimgById" parameterType="java.lang.Integer" resultMap="BaseResultMap">
		select * from evaimg where evaimg_id=#{id}
	</select>
	<select id="findEvaimgByEvaId" parameterType="java.lang.Integer" resultMap="BaseResultMap">
		select * from evaimg where eva=#{id}
	</select>
</mapper>